Model	Transcription factor	Data source	TF family	TF subfamily	EntrezGene
AHR_MOUSE.H11MO.0.B	Ahr	Integrative	PAS domain factors{1.2.5}	Ahr-like factors{1.2.5.1}	11622
AIRE_MOUSE.H11MO.0.C	Aire	Integrative	AIRE{5.3.1}	AIRE{5.3.1.0.1}	11634
ALX1_MOUSE.H11MO.0.B	Alx1	Integrative	Paired-related HD factors{3.1.3}	ALX{3.1.3.1}	216285
ANDR_MOUSE.H11MO.0.A	Ar	ChIP-Seq	Steroid hormone receptors (NR3){2.1.1}	GR-like receptors (NR3C){2.1.1.1}	11835
ANDR_MOUSE.H11MO.1.A	Ar	ChIP-Seq	Steroid hormone receptors (NR3){2.1.1}	GR-like receptors (NR3C){2.1.1.1}	11835
AP2A_MOUSE.H11MO.0.A	Tfap2a	ChIP-Seq	AP-2{1.3.1}	AP-2alpha{1.3.1.0.1}	21418
AP2B_MOUSE.H11MO.0.B	Tfap2b	Integrative	AP-2{1.3.1}	AP-2beta{1.3.1.0.2}	21419
AP2C_MOUSE.H11MO.0.A	Tfap2c	ChIP-Seq	AP-2{1.3.1}	AP-2gamma{1.3.1.0.3}	21420
AP2D_MOUSE.H11MO.0.D	Tfap2d	Integrative	AP-2{1.3.1}	AP-2delta{1.3.1.0.4}	226896
ARI3A_MOUSE.H11MO.0.D	Arid3a	Integrative	ARID-related factors{3.7.1}	ARID3{3.7.1.3}	13496
ARI5B_MOUSE.H11MO.0.C	Arid5b	Integrative	ARID-related factors{3.7.1}	ARID5{3.7.1.5}	71371
ARNT2_MOUSE.H11MO.0.D	Arnt2	Integrative	PAS domain factors{1.2.5}	Arnt-like factors{1.2.5.2}	11864
ARNT_MOUSE.H11MO.0.B	Arnt	Integrative	PAS domain factors{1.2.5}	Arnt-like factors{1.2.5.2}	11863
ASCL1_MOUSE.H11MO.0.A	Ascl1	ChIP-Seq	MyoD / ASC-related factors{1.2.2}	Achaete-Scute-like factors{1.2.2.2}	17172
ASCL2_MOUSE.H11MO.0.C	Ascl2	ChIP-Seq	MyoD / ASC-related factors{1.2.2}	Achaete-Scute-like factors{1.2.2.2}	17173
ATF1_MOUSE.H11MO.0.B	Atf1	Integrative	CREB-related factors{1.1.7}	CREB-like factors{1.1.7.1}	11908
ATF2_MOUSE.H11MO.0.A	Atf2	ChIP-Seq	Jun-related factors{1.1.1}	ATF-2-like factors{1.1.1.3}	102641666; 11909
ATF3_MOUSE.H11MO.0.A	Atf3	ChIP-Seq	Fos-related factors{1.1.2}	ATF-3-like factors{1.1.2.2}	11910
ATF4_MOUSE.H11MO.0.A	Atf4	ChIP-Seq	ATF-4-related factors{1.1.6}	ATF-4{1.1.6.0.1}	11911
ATF7_MOUSE.H11MO.0.D	Atf7	ChIP-Seq	Jun-related factors{1.1.1}	ATF-2-like factors{1.1.1.3}	223922
ATOH1_MOUSE.H11MO.0.B	Atoh1	ChIP-Seq	Tal-related factors{1.2.3}	Neurogenin / Atonal-like factors{1.2.3.4}	11921
BACH1_MOUSE.H11MO.0.C	Bach1	Integrative	Jun-related factors{1.1.1}	NF-E2-like factors{1.1.1.2}	12013
BACH2_MOUSE.H11MO.0.A	Bach2	ChIP-Seq	Jun-related factors{1.1.1}	NF-E2-like factors{1.1.1.2}	12014
BARX1_MOUSE.H11MO.0.C	Barx1	ChIP-Seq	NK-related factors{3.1.2}	BARX{3.1.2.2}	12022
BARX2_MOUSE.H11MO.0.D	Barx2	Integrative	NK-related factors{3.1.2}	BARX{3.1.2.2}	12023
BATF3_MOUSE.H11MO.0.A	Batf3	ChIP-Seq	B-ATF-related factors{1.1.4}	B-ATF-3{1.1.4.0.3}	381319
BATF_MOUSE.H11MO.0.A	Batf	ChIP-Seq	B-ATF-related factors{1.1.4}	B-ATF{1.1.4.0.1}	53314
BATF_MOUSE.H11MO.1.A	Batf	ChIP-Seq	B-ATF-related factors{1.1.4}	B-ATF{1.1.4.0.1}	53314
BCL6_MOUSE.H11MO.0.A	Bcl6	ChIP-Seq	More than 3 adjacent zinc finger factors{2.3.3}	BCL6 factors{2.3.3.22}	12053
BHA15_MOUSE.H11MO.0.A	Bhlha15	ChIP-Seq	Tal-related factors{1.2.3}	Neurogenin / Atonal-like factors{1.2.3.4}	17341
BHE40_MOUSE.H11MO.0.A	Bhlhe40	ChIP-Seq	Hairy-related factors{1.2.4}	Hairy-like factors{1.2.4.1}	20893
BHE41_MOUSE.H11MO.0.D	Bhlhe41	Integrative	Hairy-related factors{1.2.4}	Hairy-like factors{1.2.4.1}	79362
BMAL1_MOUSE.H11MO.0.A	Arntl	ChIP-Seq	PAS domain factors{1.2.5}	Arnt-like factors{1.2.5.2}	11865
BRAC_MOUSE.H11MO.0.B	T	ChIP-Seq	Brachyury-related factors{6.5.1}	T (Brachyury){6.5.1.0.1}	20997
BRAC_MOUSE.H11MO.1.C	T	ChIP-Seq	Brachyury-related factors{6.5.1}	T (Brachyury){6.5.1.0.1}	20997
BRCA1_MOUSE.H11MO.0.D	Brca1	Integrative			12189
CDC5L_MOUSE.H11MO.0.D	Cdc5l	Integrative	Myb/SANT domain factors{3.5.1}	Myb-like factors{3.5.1.1}	71702
CDX1_MOUSE.H11MO.0.C	Cdx1	Integrative	HOX-related factors{3.1.1}	CDX (Caudal type homeobox){3.1.1.9}	12590
CDX2_MOUSE.H11MO.0.A	Cdx2	ChIP-Seq	HOX-related factors{3.1.1}	CDX (Caudal type homeobox){3.1.1.9}	12591
CEBPA_MOUSE.H11MO.0.A	Cebpa	ChIP-Seq	C/EBP-related{1.1.8}	C/EBP{1.1.8.1}	12606
CEBPB_MOUSE.H11MO.0.A	Cebpb	ChIP-Seq	C/EBP-related{1.1.8}	C/EBP{1.1.8.1}	12608
CEBPD_MOUSE.H11MO.0.B	Cebpd	Integrative	C/EBP-related{1.1.8}	C/EBP{1.1.8.1}	12609
CEBPE_MOUSE.H11MO.0.A	Cebpe	Integrative	C/EBP-related{1.1.8}	C/EBP{1.1.8.1}	110794
CEBPG_MOUSE.H11MO.0.B	Cebpg	ChIP-Seq	C/EBP-related{1.1.8}	C/EBP{1.1.8.1}	12611
CEBPZ_MOUSE.H11MO.0.D	Cebpz	Integrative			12607
CLOCK_MOUSE.H11MO.0.C	Clock	ChIP-Seq	PAS domain factors{1.2.5}	Arnt-like factors{1.2.5.2}	12753
COE1_MOUSE.H11MO.0.A	Ebf1	ChIP-Seq	Early B-Cell Factor-related factors{6.1.5}	EBF1 (COE1){6.1.5.0.1}	13591
COT1_MOUSE.H11MO.0.B	Nr2f1	Integrative	RXR-related receptors (NR2){2.1.3}	COUP-like receptors (NR2F){2.1.3.5}	13865
COT1_MOUSE.H11MO.1.C	Nr2f1	Integrative	RXR-related receptors (NR2){2.1.3}	COUP-like receptors (NR2F){2.1.3.5}	13865
COT2_MOUSE.H11MO.0.A	Nr2f2	ChIP-Seq	RXR-related receptors (NR2){2.1.3}	COUP-like receptors (NR2F){2.1.3.5}	11819
COT2_MOUSE.H11MO.1.B	Nr2f2	Integrative	RXR-related receptors (NR2){2.1.3}	COUP-like receptors (NR2F){2.1.3.5}	11819
COT2_MOUSE.H11MO.2.B	Nr2f2	ChIP-Seq	RXR-related receptors (NR2){2.1.3}	COUP-like receptors (NR2F){2.1.3.5}	11819
CREB1_MOUSE.H11MO.0.A	Creb1	ChIP-Seq	CREB-related factors{1.1.7}	CREB-like factors{1.1.7.1}	12912
CREM_MOUSE.H11MO.0.C	Crem	Integrative	CREB-related factors{1.1.7}	CREB-like factors{1.1.7.1}	12916
CRX_MOUSE.H11MO.0.A	Crx	ChIP-Seq	Paired-related HD factors{3.1.3}	OTX{3.1.3.17}	12951
CTCF_MOUSE.H11MO.0.A	Ctcf	ChIP-Seq	More than 3 adjacent zinc finger factors{2.3.3}	CTCF-like factors{2.3.3.50}	13018
CTCFL_MOUSE.H11MO.0.A	Ctcfl	ChIP-Seq	More than 3 adjacent zinc finger factors{2.3.3}	CTCF-like factors{2.3.3.50}	664799
CUX1_MOUSE.H11MO.0.C	Cux1	Integrative	HD-CUT factors{3.1.9}	CUX{3.1.9.2}	13047
CUX2_MOUSE.H11MO.0.C	Cux2	ChIP-Seq	HD-CUT factors{3.1.9}	CUX{3.1.9.2}	13048
CXXC1_MOUSE.H11MO.0.D	Cxxc1	Integrative			74322
DBP_MOUSE.H11MO.0.B	Dbp	Integrative	C/EBP-related{1.1.8}	PAR factors{1.1.8.2}	13170
DDIT3_MOUSE.H11MO.0.C	Ddit3	ChIP-Seq	C/EBP-related{1.1.8}	C/EBP{1.1.8.1}	13198
DLX2_MOUSE.H11MO.0.D	Dlx2	Integrative	NK-related factors{3.1.2}	DLX{3.1.2.5}	13392
DLX3_MOUSE.H11MO.0.C	Dlx3	Integrative	NK-related factors{3.1.2}	DLX{3.1.2.5}	13393
DLX5_MOUSE.H11MO.0.C	Dlx5	ChIP-Seq	NK-related factors{3.1.2}	DLX{3.1.2.5}	13395
DMRT1_MOUSE.H11MO.0.C	Dmrt1	ChIP-Seq	DMRT{2.5.1}	DMRT1{2.5.1.0.1}	50796
DMRTB_MOUSE.H11MO.0.C	Dmrtb1	ChIP-Seq	DMRT{2.5.1}	DMRTB1{2.5.1.0.6}	56296
E2F1_MOUSE.H11MO.0.A	E2f1	ChIP-Seq	E2F-related factors{3.3.2}	E2F{3.3.2.1}	13555
E2F2_MOUSE.H11MO.0.B	E2f2	Integrative	E2F-related factors{3.3.2}	E2F{3.3.2.1}	242705
E2F3_MOUSE.H11MO.0.A	E2f3	ChIP-Seq	E2F-related factors{3.3.2}	E2F{3.3.2.1}	13557
E2F4_MOUSE.H11MO.0.A	E2f4	ChIP-Seq	E2F-related factors{3.3.2}	E2F{3.3.2.1}	104394
E2F4_MOUSE.H11MO.1.A	E2f4	ChIP-Seq	E2F-related factors{3.3.2}	E2F{3.3.2.1}	104394
E2F5_MOUSE.H11MO.0.B	E2f5	Integrative	E2F-related factors{3.3.2}	E2F{3.3.2.1}	13559
E2F6_MOUSE.H11MO.0.A	E2f6	Integrative	E2F-related factors{3.3.2}	E2F{3.3.2.1}	50496
E2F7_MOUSE.H11MO.0.C	E2f7	ChIP-Seq	E2F-related factors{3.3.2}	E2F{3.3.2.1}	52679
E4F1_MOUSE.H11MO.0.D	E4f1	Integrative	Factors with multiple dispersed zinc fingers{2.3.4}	unclassified{2.3.4.0}	13560
EGR1_MOUSE.H11MO.0.A	Egr1	ChIP-Seq	Three-zinc finger Krüppel-related factors{2.3.1}	EGR factors{2.3.1.3}	13653
EGR2_MOUSE.H11MO.0.A	Egr2	ChIP-Seq	Three-zinc finger Krüppel-related factors{2.3.1}	EGR factors{2.3.1.3}	13654
EGR2_MOUSE.H11MO.1.A	Egr2	ChIP-Seq	Three-zinc finger Krüppel-related factors{2.3.1}	EGR factors{2.3.1.3}	13654
EGR3_MOUSE.H11MO.0.D	Egr3	Integrative	Three-zinc finger Krüppel-related factors{2.3.1}	EGR factors{2.3.1.3}	13655
EGR4_MOUSE.H11MO.0.D	Egr4	Integrative	Three-zinc finger Krüppel-related factors{2.3.1}	EGR factors{2.3.1.3}	13656
EHF_MOUSE.H11MO.0.B	Ehf	ChIP-Seq	Ets-related factors{3.5.2}	EHF-like factors{3.5.2.4}	13661
ELF1_MOUSE.H11MO.0.A	Elf1	ChIP-Seq	Ets-related factors{3.5.2}	Elf-1-like factors{3.5.2.3}	13709
ELF2_MOUSE.H11MO.0.C	Elf2	Integrative	Ets-related factors{3.5.2}	Elf-1-like factors{3.5.2.3}	69257
ELF3_MOUSE.H11MO.0.B	Elf3	ChIP-Seq	Ets-related factors{3.5.2}	EHF-like factors{3.5.2.4}	13710
ELF5_MOUSE.H11MO.0.A	Elf5	ChIP-Seq	Ets-related factors{3.5.2}	EHF-like factors{3.5.2.4}	13711
ELK1_MOUSE.H11MO.0.B	Elk1	ChIP-Seq	Ets-related factors{3.5.2}	Elk-like factors{3.5.2.2}	13712
ELK3_MOUSE.H11MO.0.D	Elk3	Integrative	Ets-related factors{3.5.2}	Elk-like factors{3.5.2.2}	13713
ELK4_MOUSE.H11MO.0.B	Elk4	ChIP-Seq	Ets-related factors{3.5.2}	Elk-like factors{3.5.2.2}	13714
EPAS1_MOUSE.H11MO.0.C	Epas1	ChIP-Seq	PAS domain factors{1.2.5}	Ahr-like factors{1.2.5.1}	13819
ERG_MOUSE.H11MO.0.A	Erg	ChIP-Seq	Ets-related factors{3.5.2}	Ets-like factors{3.5.2.1}	13876
ERR1_MOUSE.H11MO.0.A	Esrra	ChIP-Seq	Steroid hormone receptors (NR3){2.1.1}	ER-like receptors (NR3A&B){2.1.1.2}	26379
ERR2_MOUSE.H11MO.0.A	Esrrb	ChIP-Seq	Steroid hormone receptors (NR3){2.1.1}	ER-like receptors (NR3A&B){2.1.1.2}	26380
ERR3_MOUSE.H11MO.0.C	Esrrg	ChIP-Seq	Steroid hormone receptors (NR3){2.1.1}	ER-like receptors (NR3A&B){2.1.1.2}	26381
ESR1_MOUSE.H11MO.0.A	Esr1	ChIP-Seq	Steroid hormone receptors (NR3){2.1.1}	ER-like receptors (NR3A&B){2.1.1.2}	13982
ESR1_MOUSE.H11MO.1.A	Esr1	ChIP-Seq	Steroid hormone receptors (NR3){2.1.1}	ER-like receptors (NR3A&B){2.1.1.2}	13982
ESR2_MOUSE.H11MO.0.A	Esr2	ChIP-Seq	Steroid hormone receptors (NR3){2.1.1}	ER-like receptors (NR3A&B){2.1.1.2}	13983
ESR2_MOUSE.H11MO.1.A	Esr2	ChIP-Seq	Steroid hormone receptors (NR3){2.1.1}	ER-like receptors (NR3A&B){2.1.1.2}	13983
ETS1_MOUSE.H11MO.0.A	Ets1	ChIP-Seq	Ets-related factors{3.5.2}	Ets-like factors{3.5.2.1}	23871
ETS2_MOUSE.H11MO.0.A	Ets2	ChIP-Seq			23872
ETV2_MOUSE.H11MO.0.A	Etv2	ChIP-Seq	Ets-related factors{3.5.2}	Ets-like factors{3.5.2.1}	14008
ETV4_MOUSE.H11MO.0.B	Etv4	Integrative	Ets-related factors{3.5.2}	Elk-like factors{3.5.2.2}	18612
ETV5_MOUSE.H11MO.0.D	Etv5	ChIP-Seq	Ets-related factors{3.5.2}	Elk-like factors{3.5.2.2}	104156
ETV6_MOUSE.H11MO.0.C	Etv6	ChIP-Seq	Ets-related factors{3.5.2}	ETV6-like factors{3.5.2.6}	14011
EVI1_MOUSE.H11MO.0.B	Mecom	Integrative	Factors with multiple dispersed zinc fingers{2.3.4}	Evi-1-like factors{2.3.4.14}	
FEV_MOUSE.H11MO.0.B	Fev	ChIP-Seq	Ets-related factors{3.5.2}	Ets-like factors{3.5.2.1}	260298
FLI1_MOUSE.H11MO.0.A	Fli1	ChIP-Seq	Ets-related factors{3.5.2}	Ets-like factors{3.5.2.1}	14247
FLI1_MOUSE.H11MO.1.A	Fli1	ChIP-Seq	Ets-related factors{3.5.2}	Ets-like factors{3.5.2.1}	14247
FOS_MOUSE.H11MO.0.A	Fos	ChIP-Seq	Fos-related factors{1.1.2}	Fos factors{1.1.2.1}	14281
FOSB_MOUSE.H11MO.0.A	Fosb	ChIP-Seq	Fos-related factors{1.1.2}	Fos factors{1.1.2.1}	14282
FOSL1_MOUSE.H11MO.0.A	Fosl1	ChIP-Seq	Fos-related factors{1.1.2}	Fos factors{1.1.2.1}	14283
FOSL2_MOUSE.H11MO.0.A	Fosl2	ChIP-Seq	Fos-related factors{1.1.2}	Fos factors{1.1.2.1}	14284
FOXA1_MOUSE.H11MO.0.A	Foxa1	ChIP-Seq	Forkhead box (FOX) factors{3.3.1}	FOXA{3.3.1.1}	15375
FOXA2_MOUSE.H11MO.0.A	Foxa2	ChIP-Seq	Forkhead box (FOX) factors{3.3.1}	FOXA{3.3.1.1}	15376
FOXA3_MOUSE.H11MO.0.A	Foxa3	ChIP-Seq	Forkhead box (FOX) factors{3.3.1}	FOXA{3.3.1.1}	15377
FOXC1_MOUSE.H11MO.0.C	Foxc1	Integrative	Forkhead box (FOX) factors{3.3.1}	FOXC{3.3.1.3}	17300
FOXC2_MOUSE.H11MO.0.D	Foxc2	Integrative	Forkhead box (FOX) factors{3.3.1}	FOXC{3.3.1.3}	14234
FOXD1_MOUSE.H11MO.0.D	Foxd1	Integrative			15229
FOXD3_MOUSE.H11MO.0.C	Foxd3	ChIP-Seq	Forkhead box (FOX) factors{3.3.1}	FOXD{3.3.1.4}	15221
FOXF1_MOUSE.H11MO.0.D	Foxf1	Integrative	Forkhead box (FOX) factors{3.3.1}	FOXF{3.3.1.6}	15227
FOXF2_MOUSE.H11MO.0.D	Foxf2	Integrative	Forkhead box (FOX) factors{3.3.1}	FOXF{3.3.1.6}	14238
FOXI1_MOUSE.H11MO.0.B	Foxi1	Integrative	Forkhead box (FOX) factors{3.3.1}	FOXI{3.3.1.9}	14233
FOXJ2_MOUSE.H11MO.0.C	Foxj2	Integrative	Forkhead box (FOX) factors{3.3.1}	FOXJ{3.3.1.10}	60611
FOXJ3_MOUSE.H11MO.0.A	Foxj3	Integrative	Forkhead box (FOX) factors{3.3.1}	FOXJ{3.3.1.10}	230700
FOXJ3_MOUSE.H11MO.1.B	Foxj3	Integrative	Forkhead box (FOX) factors{3.3.1}	FOXJ{3.3.1.10}	230700
FOXK1_MOUSE.H11MO.0.A	Foxk1	ChIP-Seq	Forkhead box (FOX) factors{3.3.1}	FOXK{3.3.1.11}	17425
FOXL2_MOUSE.H11MO.0.C	Foxl2	ChIP-Seq	Forkhead box (FOX) factors{3.3.1}	FOXL{3.3.1.12}	26927
FOXM1_MOUSE.H11MO.0.B	Foxm1	ChIP-Seq	Forkhead box (FOX) factors{3.3.1}	FOXM{3.3.1.13}	
FOXO1_MOUSE.H11MO.0.A	Foxo1	ChIP-Seq	Forkhead box (FOX) factors{3.3.1}	FOXO{3.3.1.15}	56458
FOXO3_MOUSE.H11MO.0.B	Foxo3	ChIP-Seq	Forkhead box (FOX) factors{3.3.1}	FOXO{3.3.1.15}	56484
FOXO4_MOUSE.H11MO.0.C	Foxo4	Integrative	Forkhead box (FOX) factors{3.3.1}	FOXO{3.3.1.15}	54601
FOXP2_MOUSE.H11MO.0.A	Foxp2	Integrative	Forkhead box (FOX) factors{3.3.1}	FOXP{3.3.1.16}	114142
FOXP3_MOUSE.H11MO.0.D	Foxp3	Integrative	Forkhead box (FOX) factors{3.3.1}	FOXP{3.3.1.16}	20371
FOXQ1_MOUSE.H11MO.0.C	Foxq1	Integrative	Forkhead box (FOX) factors{3.3.1}	FOXQ{3.3.1.17}	15220
FUBP1_MOUSE.H11MO.0.D	Fubp1	Integrative			51886
GABPA_MOUSE.H11MO.0.A	Gabpa	ChIP-Seq	Ets-related factors{3.5.2}	Ets-like factors{3.5.2.1}	14390
GATA1_MOUSE.H11MO.0.A	Gata1	ChIP-Seq	GATA-type zinc fingers{2.2.1}	Two zinc-finger GATA factors{2.2.1.1}	14460
GATA1_MOUSE.H11MO.1.A	Gata1	ChIP-Seq	GATA-type zinc fingers{2.2.1}	Two zinc-finger GATA factors{2.2.1.1}	14460
GATA2_MOUSE.H11MO.0.A	Gata2	ChIP-Seq	GATA-type zinc fingers{2.2.1}	Two zinc-finger GATA factors{2.2.1.1}	14461
GATA3_MOUSE.H11MO.0.A	Gata3	ChIP-Seq	GATA-type zinc fingers{2.2.1}	Two zinc-finger GATA factors{2.2.1.1}	14462
GATA4_MOUSE.H11MO.0.A	Gata4	ChIP-Seq	GATA-type zinc fingers{2.2.1}	Two zinc-finger GATA factors{2.2.1.1}	14463
GATA5_MOUSE.H11MO.0.D	Gata5	Integrative	GATA-type zinc fingers{2.2.1}	Two zinc-finger GATA factors{2.2.1.1}	14464
GATA6_MOUSE.H11MO.0.A	Gata6	ChIP-Seq	GATA-type zinc fingers{2.2.1}	Two zinc-finger GATA factors{2.2.1.1}	14465
GCM1_MOUSE.H11MO.0.D	Gcm1	Integrative	GCM factors{7.2.1}	GCMa (GCM1){7.2.1.0.1}	14531
GCR_MOUSE.H11MO.0.A	Nr3c1	ChIP-Seq	Steroid hormone receptors (NR3){2.1.1}	GR-like receptors (NR3C){2.1.1.1}	
GCR_MOUSE.H11MO.1.A	Nr3c1	ChIP-Seq	Steroid hormone receptors (NR3){2.1.1}	GR-like receptors (NR3C){2.1.1.1}	
GFI1_MOUSE.H11MO.0.C	Gfi1	Integrative	More than 3 adjacent zinc finger factors{2.3.3}	GFI1 factors{2.3.3.21}	14581
GFI1B_MOUSE.H11MO.0.A	Gfi1b	ChIP-Seq	More than 3 adjacent zinc finger factors{2.3.3}	GFI1 factors{2.3.3.21}	14582
GLI1_MOUSE.H11MO.0.C	Gli1	ChIP-Seq	More than 3 adjacent zinc finger factors{2.3.3}	GLI-like factors{2.3.3.1}	14632
GLI2_MOUSE.H11MO.0.D	Gli2	Integrative	More than 3 adjacent zinc finger factors{2.3.3}	GLI-like factors{2.3.3.1}	14633
GLI3_MOUSE.H11MO.0.D	Gli3	ChIP-Seq	More than 3 adjacent zinc finger factors{2.3.3}	GLI-like factors{2.3.3.1}	14634
GLIS3_MOUSE.H11MO.0.D	Glis3	Integrative	More than 3 adjacent zinc finger factors{2.3.3}	GLI-like factors{2.3.3.1}	226075
GRHL2_MOUSE.H11MO.0.A	Grhl2	ChIP-Seq	Grainyhead-related factors{6.7.1}	GRH-like proteins{6.7.1.1}	252973
HAND1_MOUSE.H11MO.0.C	Hand1	ChIP-Seq	Tal-related factors{1.2.3}	Twist-like factors{1.2.3.2}	15110
HAND1_MOUSE.H11MO.1.C	Hand1	ChIP-Seq	Tal-related factors{1.2.3}	Twist-like factors{1.2.3.2}	15110
HBP1_MOUSE.H11MO.0.D	Hbp1	Integrative	SOX-related factors{4.1.1}	Further Sox-related factors{4.1.1.9}	73389
HEN1_MOUSE.H11MO.0.C	Nhlh1	Integrative	Tal-related factors{1.2.3}	Tal / HEN-like factors{1.2.3.1}	18071
HES1_MOUSE.H11MO.0.D	Hes1	Integrative	Hairy-related factors{1.2.4}	Hairy-like factors{1.2.4.1}	15205
HESX1_MOUSE.H11MO.0.D	Hesx1	Integrative	Paired-related HD factors{3.1.3}	HESX{3.1.3.10}	15209
HEY2_MOUSE.H11MO.0.D	Hey2	Integrative	Hairy-related factors{1.2.4}	Hairy-like factors{1.2.4.1}	15214
HIC1_MOUSE.H11MO.0.C	Hic1	Integrative	Factors with multiple dispersed zinc fingers{2.3.4}	Hypermethylated in Cancer proteins{2.3.4.17}	15248
HIF1A_MOUSE.H11MO.0.C	Hif1a	ChIP-Seq	PAS domain factors{1.2.5}	Ahr-like factors{1.2.5.1}	15251
HINFP_MOUSE.H11MO.0.C	Hinfp	Integrative	Factors with multiple dispersed zinc fingers{2.3.4}	HINFP-like factors{2.3.4.21}	102423
HLF_MOUSE.H11MO.0.C	Hlf	ChIP-Seq	C/EBP-related{1.1.8}	PAR factors{1.1.8.2}	217082
HLTF_MOUSE.H11MO.0.D	Hltf	Integrative			20585
HMGA1_MOUSE.H11MO.0.D	Hmga1	Integrative	HMGA factors{8.2.1}	HMGA1 (HMGI(Y)){8.2.1.0.1}	111241; 15361
HMGA2_MOUSE.H11MO.0.D	Hmga2	Integrative	HMGA factors{8.2.1}	HMGA2 (HMGI-C){8.2.1.0.2}	15364
HNF1A_MOUSE.H11MO.0.A	Hnf1a	Integrative	POU domain factors{3.1.10}	HNF1-like factors{3.1.10.7}	21405
HNF1B_MOUSE.H11MO.0.A	Hnf1b	ChIP-Seq	POU domain factors{3.1.10}	HNF1-like factors{3.1.10.7}	21410
HNF1B_MOUSE.H11MO.1.A	Hnf1b	ChIP-Seq	POU domain factors{3.1.10}	HNF1-like factors{3.1.10.7}	21410
HNF4A_MOUSE.H11MO.0.A	Hnf4a	ChIP-Seq	RXR-related receptors (NR2){2.1.3}	HNF-4 (NR2A){2.1.3.2}	15378
HNF4G_MOUSE.H11MO.0.C	Hnf4g	ChIP-Seq	RXR-related receptors (NR2){2.1.3}	HNF-4 (NR2A){2.1.3.2}	30942
HNF6_MOUSE.H11MO.0.A	Onecut1	ChIP-Seq	HD-CUT factors{3.1.9}	ONECUT{3.1.9.1}	15379
HSF1_MOUSE.H11MO.0.A	Hsf1	ChIP-Seq	HSF factors{3.4.1}	HSF1 (HSTF1){3.4.1.0.1}	15499
HSF1_MOUSE.H11MO.1.A	Hsf1	ChIP-Seq	HSF factors{3.4.1}	HSF1 (HSTF1){3.4.1.0.1}	15499
HSF2_MOUSE.H11MO.0.A	Hsf2	Integrative	HSF factors{3.4.1}	HSF2 (HSTF2){3.4.1.0.2}	15500
HTF4_MOUSE.H11MO.0.A	Tcf12	ChIP-Seq	E2A-related factors{1.2.1}	HTF-4 (TCF-12, HEB){1.2.1.0.3}	21406
HXA1_MOUSE.H11MO.0.C	Hoxa1	Integrative	HOX-related factors{3.1.1}	HOX1{3.1.1.1}	
HXA5_MOUSE.H11MO.0.D	Hoxa5	Integrative	HOX-related factors{3.1.1}	HOX5{3.1.1.5}	15402
HXA7_MOUSE.H11MO.0.D	Hoxa7	Integrative	HOX-related factors{3.1.1}	HOX6-7{3.1.1.6}	15404
HXA9_MOUSE.H11MO.0.B	Hoxa9	ChIP-Seq	HOX-related factors{3.1.1}	HOX9-13{3.1.1.8}	15405
HXA10_MOUSE.H11MO.0.C	Hoxa10	Integrative	HOX-related factors{3.1.1}	HOX9-13{3.1.1.8}	15395
HXA13_MOUSE.H11MO.0.C	Hoxa13	Integrative	HOX-related factors{3.1.1}	HOX9-13{3.1.1.8}	15398
HXB1_MOUSE.H11MO.0.D	Hoxb1	Integrative	HOX-related factors{3.1.1}	HOX1{3.1.1.1}	15407
HXB4_MOUSE.H11MO.0.A	Hoxb4	ChIP-Seq	HOX-related factors{3.1.1}	HOX4{3.1.1.4}	15412
HXB6_MOUSE.H11MO.0.D	Hoxb6	Integrative	HOX-related factors{3.1.1}	HOX6-7{3.1.1.6}	15414
HXB7_MOUSE.H11MO.0.C	Hoxb7	Integrative	HOX-related factors{3.1.1}	HOX6-7{3.1.1.6}	15415
HXB8_MOUSE.H11MO.0.C	Hoxb8	Integrative	HOX-related factors{3.1.1}	HOX8{3.1.1.7}	15416
HXC6_MOUSE.H11MO.0.D	Hoxc6	Integrative	HOX-related factors{3.1.1}	HOX6-7{3.1.1.6}	15425
HXC8_MOUSE.H11MO.0.D	Hoxc8	Integrative	HOX-related factors{3.1.1}	HOX8{3.1.1.7}	15426
HXC9_MOUSE.H11MO.0.A	Hoxc9	ChIP-Seq	HOX-related factors{3.1.1}	HOX9-13{3.1.1.8}	15427
HXD4_MOUSE.H11MO.0.D	Hoxd4	Integrative	HOX-related factors{3.1.1}	HOX4{3.1.1.4}	15436
HXD9_MOUSE.H11MO.0.D	Hoxd9	Integrative	HOX-related factors{3.1.1}	HOX9-13{3.1.1.8}	15438
HXD10_MOUSE.H11MO.0.D	Hoxd10	Integrative	HOX-related factors{3.1.1}	HOX9-13{3.1.1.8}	15430
HXD13_MOUSE.H11MO.0.D	Hoxd13	Integrative	HOX-related factors{3.1.1}	HOX9-13{3.1.1.8}	15433
IKZF1_MOUSE.H11MO.0.C	Ikzf1	Integrative	Factors with multiple dispersed zinc fingers{2.3.4}	Ikaros{2.3.4.4}	
INSM1_MOUSE.H11MO.0.C	Insm1	Integrative	Factors with multiple dispersed zinc fingers{2.3.4}	Insulinoma-associated proteins{2.3.4.16}	53626
IRF1_MOUSE.H11MO.0.A	Irf1	ChIP-Seq	Interferon-regulatory factors{3.5.3}	IRF-1{3.5.3.0.1}	16362
IRF2_MOUSE.H11MO.0.B	Irf2	ChIP-Seq	Interferon-regulatory factors{3.5.3}	IRF-2{3.5.3.0.2}	16363
IRF3_MOUSE.H11MO.0.A	Irf3	ChIP-Seq	Interferon-regulatory factors{3.5.3}	IRF-3{3.5.3.0.3}	54131
IRF4_MOUSE.H11MO.0.A	Irf4	ChIP-Seq	Interferon-regulatory factors{3.5.3}	IRF-4 (LSIRF, NF-EM5, MUM1, Pip){3.5.3.0.4}	16364
IRF5_MOUSE.H11MO.0.D	Irf5	Integrative	Interferon-regulatory factors{3.5.3}	IRF-5{3.5.3.0.5}	27056
IRF7_MOUSE.H11MO.0.C	Irf7	Integrative	Interferon-regulatory factors{3.5.3}	IRF-7{3.5.3.0.7}	54123
IRF8_MOUSE.H11MO.0.A	Irf8	ChIP-Seq	Interferon-regulatory factors{3.5.3}	IRF-8 (ICSBP1){3.5.3.0.8}	15900
IRF9_MOUSE.H11MO.0.C	Irf9	Integrative	Interferon-regulatory factors{3.5.3}	IRF-9 (ISGF-3gamma){3.5.3.0.9}	16391
ISL1_MOUSE.H11MO.0.A	Isl1	ChIP-Seq	HD-LIM factors{3.1.5}	ISL{3.1.5.1}	16392
ITF2_MOUSE.H11MO.0.B	Tcf4	Integrative	E2A-related factors{1.2.1}	SEF2 (E2-2, TCF-4, ITF-2, MITF){1.2.1.0.2}	21413
JUN_MOUSE.H11MO.0.A	Jun	ChIP-Seq	Jun-related factors{1.1.1}	Jun factors{1.1.1.1}	16476
JUNB_MOUSE.H11MO.0.A	Junb	ChIP-Seq	Jun-related factors{1.1.1}	Jun factors{1.1.1.1}	16477
JUND_MOUSE.H11MO.0.A	Jund	ChIP-Seq	Jun-related factors{1.1.1}	Jun factors{1.1.1.1}	16478
KAISO_MOUSE.H11MO.0.B	Zbtb33	ChIP-Seq	Other factors with up to three adjacent zinc fingers{2.3.2}	Factors with 2-3 adjacent zinc fingersand a BTB/POZ domain{2.3.2.1}	56805
KAISO_MOUSE.H11MO.1.B	Zbtb33	ChIP-Seq	Other factors with up to three adjacent zinc fingers{2.3.2}	Factors with 2-3 adjacent zinc fingersand a BTB/POZ domain{2.3.2.1}	56805
KAISO_MOUSE.H11MO.2.B	Zbtb33	Integrative	Other factors with up to three adjacent zinc fingers{2.3.2}	Factors with 2-3 adjacent zinc fingersand a BTB/POZ domain{2.3.2.1}	56805
KLF1_MOUSE.H11MO.0.A	Klf1	ChIP-Seq	Three-zinc finger Krüppel-related factors{2.3.1}	Krüppel-like factors{2.3.1.2}	
KLF3_MOUSE.H11MO.0.A	Klf3	ChIP-Seq	Three-zinc finger Krüppel-related factors{2.3.1}	Krüppel-like factors{2.3.1.2}	16599
KLF4_MOUSE.H11MO.0.A	Klf4	ChIP-Seq	Three-zinc finger Krüppel-related factors{2.3.1}	Krüppel-like factors{2.3.1.2}	16600
KLF5_MOUSE.H11MO.0.A	Klf5	ChIP-Seq	Three-zinc finger Krüppel-related factors{2.3.1}	Krüppel-like factors{2.3.1.2}	12224
KLF6_MOUSE.H11MO.0.B	Klf6	ChIP-Seq	Three-zinc finger Krüppel-related factors{2.3.1}	Krüppel-like factors{2.3.1.2}	
KLF8_MOUSE.H11MO.0.C	Klf8	Integrative	Three-zinc finger Krüppel-related factors{2.3.1}	Krüppel-like factors{2.3.1.2}	245671
KLF15_MOUSE.H11MO.0.A	Klf15	ChIP-Seq	Three-zinc finger Krüppel-related factors{2.3.1}	Krüppel-like factors{2.3.1.2}	66277
LEF1_MOUSE.H11MO.0.B	Lef1	ChIP-Seq	TCF-7-related factors{4.1.3}	LEF-1 (TCF-1alpha) [1]{4.1.3.0.4}	16842
LHX2_MOUSE.H11MO.0.A	Lhx2	ChIP-Seq	HD-LIM factors{3.1.5}	Lhx-2-like factors{3.1.5.3}	16870
LHX3_MOUSE.H11MO.0.C	Lhx3	ChIP-Seq	HD-LIM factors{3.1.5}	Lhx-3-like factors{3.1.5.4}	16871
LHX6_MOUSE.H11MO.0.C	Lhx6	ChIP-Seq	HD-LIM factors{3.1.5}	Lhx-6-like factors{3.1.5.5}	16874
LYL1_MOUSE.H11MO.0.A	Lyl1	ChIP-Seq	Tal-related factors{1.2.3}	Tal / HEN-like factors{1.2.3.1}	17095
MAF_MOUSE.H11MO.0.A	Maf	ChIP-Seq	Maf-related factors{1.1.3}	Large Maf factors{1.1.3.1}	17132
MAF_MOUSE.H11MO.1.A	Maf	ChIP-Seq	Maf-related factors{1.1.3}	Large Maf factors{1.1.3.1}	17132
MAFA_MOUSE.H11MO.0.D	Mafa	ChIP-Seq	Maf-related factors{1.1.3}	Large Maf factors{1.1.3.1}	378435
MAFB_MOUSE.H11MO.0.B	Mafb	ChIP-Seq	Maf-related factors{1.1.3}	Large Maf factors{1.1.3.1}	16658
MAFF_MOUSE.H11MO.0.A	Maff	ChIP-Seq	Maf-related factors{1.1.3}	Small Maf factors{1.1.3.2}	17133
MAFF_MOUSE.H11MO.1.A	Maff	ChIP-Seq	Maf-related factors{1.1.3}	Small Maf factors{1.1.3.2}	17133
MAFG_MOUSE.H11MO.0.A	Mafg	ChIP-Seq	Maf-related factors{1.1.3}	Small Maf factors{1.1.3.2}	17134
MAFG_MOUSE.H11MO.1.A	Mafg	ChIP-Seq	Maf-related factors{1.1.3}	Small Maf factors{1.1.3.2}	17134
MAFK_MOUSE.H11MO.0.A	Mafk	ChIP-Seq	Maf-related factors{1.1.3}	Small Maf factors{1.1.3.2}	17135
MAFK_MOUSE.H11MO.1.A	Mafk	ChIP-Seq	Maf-related factors{1.1.3}	Small Maf factors{1.1.3.2}	17135
MAX_MOUSE.H11MO.0.A	Max	ChIP-Seq	bHLH-ZIP factors{1.2.6}	Myc / Max factors{1.2.6.5}	
MAZ_MOUSE.H11MO.0.A	Maz	ChIP-Seq	Factors with multiple dispersed zinc fingers{2.3.4}	MAZ-like factors{2.3.4.8}	
MAZ_MOUSE.H11MO.1.A	Maz	ChIP-Seq	Factors with multiple dispersed zinc fingers{2.3.4}	MAZ-like factors{2.3.4.8}	
MBD2_MOUSE.H11MO.0.B	Mbd2	Integrative			17191
MCR_MOUSE.H11MO.0.D	Nr3c2	Integrative	Steroid hormone receptors (NR3){2.1.1}	GR-like receptors (NR3C){2.1.1.1}	
MECP2_MOUSE.H11MO.0.C	Mecp2	Integrative			17257
MEF2A_MOUSE.H11MO.0.A	Mef2a	ChIP-Seq	Regulators of differentiation{5.1.1}	MEF-2{5.1.1.1}	17258
MEF2C_MOUSE.H11MO.0.A	Mef2c	ChIP-Seq	Regulators of differentiation{5.1.1}	MEF-2{5.1.1.1}	17260
MEF2D_MOUSE.H11MO.0.A	Mef2d	ChIP-Seq	Regulators of differentiation{5.1.1}	MEF-2{5.1.1.1}	17261
MEIS1_MOUSE.H11MO.0.A	Meis1	ChIP-Seq	TALE-type homeo domain factors{3.1.4}	MEIS{3.1.4.2}	17268
MEIS1_MOUSE.H11MO.1.A	Meis1	ChIP-Seq	TALE-type homeo domain factors{3.1.4}	MEIS{3.1.4.2}	17268
MEIS2_MOUSE.H11MO.0.B	Meis2	Integrative	TALE-type homeo domain factors{3.1.4}	MEIS{3.1.4.2}	17536
MITF_MOUSE.H11MO.0.A	Mitf	ChIP-Seq	bHLH-ZIP factors{1.2.6}	TFE3-like factors{1.2.6.1}	17342
MLXPL_MOUSE.H11MO.0.D	Mlxipl	Integrative	bHLH-ZIP factors{1.2.6}	Mondo-like factors{1.2.6.6}	58805
MSGN1_MOUSE.H11MO.0.C	Msgn1	ChIP-Seq	Tal-related factors{1.2.3}	Mesp-like factors{1.2.3.3}	56184
MSX2_MOUSE.H11MO.0.D	Msx2	Integrative	NK-related factors{3.1.2}	MSX{3.1.2.11}	17702
MSX3_MOUSE.H11MO.0.D	Msx3	HT-SELEX			17703
MTF1_MOUSE.H11MO.0.C	Mtf1	Integrative	More than 3 adjacent zinc finger factors{2.3.3}	MTF1-like factors{2.3.3.24}	17764
MXI1_MOUSE.H11MO.0.A	Mxi1	ChIP-Seq	bHLH-ZIP factors{1.2.6}	Mad-like factors{1.2.6.7}	17859
MXI1_MOUSE.H11MO.1.A	Mxi1	ChIP-Seq	bHLH-ZIP factors{1.2.6}	Mad-like factors{1.2.6.7}	17859
MYB_MOUSE.H11MO.0.A	Myb	ChIP-Seq	Myb/SANT domain factors{3.5.1}	Myb-like factors{3.5.1.1}	17863
MYBA_MOUSE.H11MO.0.C	Mybl1	ChIP-Seq	Myb/SANT domain factors{3.5.1}	Myb-like factors{3.5.1.1}	17864
MYBB_MOUSE.H11MO.0.D	Mybl2	Integrative	Myb/SANT domain factors{3.5.1}	Myb-like factors{3.5.1.1}	17865
MYC_MOUSE.H11MO.0.A	Myc	ChIP-Seq	bHLH-ZIP factors{1.2.6}	Myc / Max factors{1.2.6.5}	17869
MYCN_MOUSE.H11MO.0.A	Mycn	ChIP-Seq	bHLH-ZIP factors{1.2.6}	Myc / Max factors{1.2.6.5}	18109
MYF5_MOUSE.H11MO.0.D	Myf5	ChIP-Seq	MyoD / ASC-related factors{1.2.2}	Myogenic transcription factors{1.2.2.1}	17877
MYF6_MOUSE.H11MO.0.C	Myf6	Integrative	MyoD / ASC-related factors{1.2.2}	Myogenic transcription factors{1.2.2.1}	17878
MYOD1_MOUSE.H11MO.0.A	Myod1	ChIP-Seq	MyoD / ASC-related factors{1.2.2}	Myogenic transcription factors{1.2.2.1}	17927
MYOD1_MOUSE.H11MO.1.A	Myod1	ChIP-Seq	MyoD / ASC-related factors{1.2.2}	Myogenic transcription factors{1.2.2.1}	17927
MYOG_MOUSE.H11MO.0.A	Myog	ChIP-Seq	MyoD / ASC-related factors{1.2.2}	Myogenic transcription factors{1.2.2.1}	17928
NANOG_MOUSE.H11MO.0.A	Nanog	ChIP-Seq	NK-related factors{3.1.2}	NANOG{3.1.2.12}	71950
NANOG_MOUSE.H11MO.1.A	Nanog	ChIP-Seq	NK-related factors{3.1.2}	NANOG{3.1.2.12}	71950
NDF1_MOUSE.H11MO.0.A	Neurod1	ChIP-Seq	Tal-related factors{1.2.3}	Neurogenin / Atonal-like factors{1.2.3.4}	18012
NDF2_MOUSE.H11MO.0.A	Neurod2	ChIP-Seq	Tal-related factors{1.2.3}	Neurogenin / Atonal-like factors{1.2.3.4}	18013
NF2L1_MOUSE.H11MO.0.C	Nfe2l1	Integrative	Jun-related factors{1.1.1}	NF-E2-like factors{1.1.1.2}	18023
NF2L2_MOUSE.H11MO.0.A	Nfe2l2	ChIP-Seq	Jun-related factors{1.1.1}	NF-E2-like factors{1.1.1.2}	18024
NFAC1_MOUSE.H11MO.0.A	Nfatc1	ChIP-Seq	NFAT-related factors{6.1.3}	NFATc1{6.1.3.0.1}	
NFAC1_MOUSE.H11MO.1.A	Nfatc1	ChIP-Seq	NFAT-related factors{6.1.3}	NFATc1{6.1.3.0.1}	
NFAC2_MOUSE.H11MO.0.C	Nfatc2	Integrative	NFAT-related factors{6.1.3}	NFATc2 (NFATp, NFAT1){6.1.3.0.2}	18019
NFAC2_MOUSE.H11MO.1.C	Nfatc2	ChIP-Seq	NFAT-related factors{6.1.3}	NFATc2 (NFATp, NFAT1){6.1.3.0.2}	18019
NFAC3_MOUSE.H11MO.0.B	Nfatc3	Integrative	NFAT-related factors{6.1.3}	NFATc3 (NFATx, NFAT4){6.1.3.0.3}	
NFAC4_MOUSE.H11MO.0.C	Nfatc4	Integrative	NFAT-related factors{6.1.3}	NFATc4 (NFAT3){6.1.3.0.4}	73181
NFAT5_MOUSE.H11MO.0.D	Nfat5	Integrative	NFAT-related factors{6.1.3}	NFAT5 (TonEBP){6.1.3.0.5}	54446
NFE2_MOUSE.H11MO.0.A	Nfe2	ChIP-Seq	Jun-related factors{1.1.1}	NF-E2-like factors{1.1.1.2}	18022
NFIA_MOUSE.H11MO.0.C	Nfia	Integrative	Nuclear factor 1{7.1.2}	NF-1A (NF-IA){7.1.2.0.1}	18027
NFIA_MOUSE.H11MO.1.D	Nfia	Integrative	Nuclear factor 1{7.1.2}	NF-1A (NF-IA){7.1.2.0.1}	18027
NFIB_MOUSE.H11MO.0.C	Nfib	ChIP-Seq	Nuclear factor 1{7.1.2}	NF-1B{7.1.2.0.2}	18028
NFIC_MOUSE.H11MO.0.A	Nfic	ChIP-Seq	Nuclear factor 1{7.1.2}	NF-1C{7.1.2.0.3}	18029
NFIC_MOUSE.H11MO.1.A	Nfic	ChIP-Seq	Nuclear factor 1{7.1.2}	NF-1C{7.1.2.0.3}	18029
NFIL3_MOUSE.H11MO.0.C	Nfil3	ChIP-Seq	C/EBP-related{1.1.8}	PAR factors{1.1.8.2}	18030
NFKB1_MOUSE.H11MO.0.A	Nfkb1	ChIP-Seq	NF-kappaB-related factors{6.1.1}	NF-kappaB p50 subunit-like factors{6.1.1.1}	18033
NFKB2_MOUSE.H11MO.0.C	Nfkb2	ChIP-Seq	NF-kappaB-related factors{6.1.1}	NF-kappaB p50 subunit-like factors{6.1.1.1}	18034
NFYA_MOUSE.H11MO.0.A	Nfya	ChIP-Seq	Heteromeric CCAAT-binding factors{4.2.1}	NF-YA (CP1A, CBF-B){4.2.1.0.1}	18044
NFYB_MOUSE.H11MO.0.A	Nfyb	Integrative	Heteromeric CCAAT-binding factors{4.2.1}	NF-YB (CP1B, CBF-A){4.2.1.0.2}	18045
NFYC_MOUSE.H11MO.0.B	Nfyc	ChIP-Seq	Heteromeric CCAAT-binding factors{4.2.1}	NF-YC{4.2.1.0.3}	18046
NGN2_MOUSE.H11MO.0.C	Neurog2	ChIP-Seq	Tal-related factors{1.2.3}	Neurogenin / Atonal-like factors{1.2.3.4}	11924
NKX21_MOUSE.H11MO.0.A	Nkx2-1	ChIP-Seq	NK-related factors{3.1.2}	NK-2.1{3.1.2.14}	21869
NKX22_MOUSE.H11MO.0.A	Nkx2-2	ChIP-Seq	NK-related factors{3.1.2}	NK-2.2{3.1.2.15}	18088
NKX25_MOUSE.H11MO.0.A	Nkx2-5	ChIP-Seq	NK-related factors{3.1.2}	NK-4{3.1.2.17}	18091
NKX28_MOUSE.H11MO.0.C	Nkx2-8	Integrative	NK-related factors{3.1.2}	NK-2.2{3.1.2.15}	18094
NKX31_MOUSE.H11MO.0.C	Nkx3-1	ChIP-Seq	NK-related factors{3.1.2}	NK-3{3.1.2.16}	18095
NKX32_MOUSE.H11MO.0.B	Nkx3-2	ChIP-Seq	NK-related factors{3.1.2}	NK-3{3.1.2.16}	12020
NKX61_MOUSE.H11MO.0.A	Nkx6-1	ChIP-Seq	NK-related factors{3.1.2}	NK-6{3.1.2.19}	18096
NKX61_MOUSE.H11MO.1.A	Nkx6-1	ChIP-Seq	NK-related factors{3.1.2}	NK-6{3.1.2.19}	18096
NOBOX_MOUSE.H11MO.0.C	Nobox	Integrative			18291
NR0B1_MOUSE.H11MO.0.D	Nr0b1	Integrative	DAX-related receptors (NR0){2.1.7}	DAX1 (NR0B1){2.1.7.0.1}	11614
NR1D1_MOUSE.H11MO.0.A	Nr1d1	ChIP-Seq	Thyroid hormone receptor-related factors (NR1){2.1.2}	Rev-ErbA (NR1D){2.1.2.3}	217166
NR1D1_MOUSE.H11MO.1.C	Nr1d1	Integrative	Thyroid hormone receptor-related factors (NR1){2.1.2}	Rev-ErbA (NR1D){2.1.2.3}	217166
NR1D2_MOUSE.H11MO.0.A	Nr1d2	ChIP-Seq	Thyroid hormone receptor-related factors (NR1){2.1.2}	Rev-ErbA (NR1D){2.1.2.3}	353187
NR1H2_MOUSE.H11MO.0.D	Nr1h2	Integrative	Thyroid hormone receptor-related factors (NR1){2.1.2}	LXR (NR1H){2.1.2.7}	22260
NR1H3_MOUSE.H11MO.0.A	Nr1h3	ChIP-Seq	Thyroid hormone receptor-related factors (NR1){2.1.2}	LXR (NR1H){2.1.2.7}	22259
NR1H3_MOUSE.H11MO.1.A	Nr1h3	ChIP-Seq	Thyroid hormone receptor-related factors (NR1){2.1.2}	LXR (NR1H){2.1.2.7}	22259
NR1H3_MOUSE.H11MO.2.A	Nr1h3	ChIP-Seq	Thyroid hormone receptor-related factors (NR1){2.1.2}	LXR (NR1H){2.1.2.7}	22259
NR1H4_MOUSE.H11MO.0.A	Nr1h4	ChIP-Seq	Thyroid hormone receptor-related factors (NR1){2.1.2}	LXR (NR1H){2.1.2.7}	20186
NR1H4_MOUSE.H11MO.1.A	Nr1h4	ChIP-Seq	Thyroid hormone receptor-related factors (NR1){2.1.2}	LXR (NR1H){2.1.2.7}	20186
NR1I2_MOUSE.H11MO.0.C	Nr1i2	Integrative	Thyroid hormone receptor-related factors (NR1){2.1.2}	Vitamin D receptor (NR1I){2.1.2.4}	18171
NR1I2_MOUSE.H11MO.1.D	Nr1i2	Integrative	Thyroid hormone receptor-related factors (NR1){2.1.2}	Vitamin D receptor (NR1I){2.1.2.4}	18171
NR1I3_MOUSE.H11MO.0.C	Nr1i3	Integrative	Thyroid hormone receptor-related factors (NR1){2.1.2}	Vitamin D receptor (NR1I){2.1.2.4}	12355
NR1I3_MOUSE.H11MO.1.D	Nr1i3	Integrative	Thyroid hormone receptor-related factors (NR1){2.1.2}	Vitamin D receptor (NR1I){2.1.2.4}	12355
NR2C1_MOUSE.H11MO.0.C	Nr2c1	Integrative	RXR-related receptors (NR2){2.1.3}	Testicular receptors (NR2C){2.1.3.4}	22025
NR2C2_MOUSE.H11MO.0.A	Nr2c2	Integrative	RXR-related receptors (NR2){2.1.3}	Testicular receptors (NR2C){2.1.3.4}	22026
NR2E3_MOUSE.H11MO.0.C	Nr2e3	Integrative	RXR-related receptors (NR2){2.1.3}	Tailless-like receptors (NR2E){2.1.3.3}	23958
NR2F6_MOUSE.H11MO.0.D	Nr2f6	Integrative	RXR-related receptors (NR2){2.1.3}	COUP-like receptors (NR2F){2.1.3.5}	13864
NR4A1_MOUSE.H11MO.0.B	Nr4a1	ChIP-Seq	NGFI-B-related receptors (NR4){2.1.4}	NGFI-B  (Nur77, NR4A1){2.1.4.0.1}	15370
NR4A2_MOUSE.H11MO.0.C	Nr4a2	Integrative	NGFI-B-related receptors (NR4){2.1.4}	NURR1  (NR4A2){2.1.4.0.2}	18227
NR4A3_MOUSE.H11MO.0.D	Nr4a3	Integrative	NGFI-B-related receptors (NR4){2.1.4}	NOR1  (NR4A3, TEC){2.1.4.0.3}	18124
NR5A2_MOUSE.H11MO.0.A	Nr5a2	ChIP-Seq	FTZ-F1-related receptors (NR5){2.1.5}	LRH-1 (NR5A2){2.1.5.0.2}	26424
NR6A1_MOUSE.H11MO.0.D	Nr6a1	ChIP-Seq	GCNF-related receptors (NR6){2.1.6}	GCNF  (NR6A1){2.1.6.0.1}	14536
NRF1_MOUSE.H11MO.0.A	Nrf1	ChIP-Seq	NRF{0.0.6}	NRF-1 (alpha-pal){0.0.6.0.1}	18181
OLIG2_MOUSE.H11MO.0.A	Olig2	ChIP-Seq	Tal-related factors{1.2.3}	Neurogenin / Atonal-like factors{1.2.3.4}	50913
OLIG2_MOUSE.H11MO.1.A	Olig2	ChIP-Seq	Tal-related factors{1.2.3}	Neurogenin / Atonal-like factors{1.2.3.4}	50913
ONEC2_MOUSE.H11MO.0.D	Onecut2	Integrative	HD-CUT factors{3.1.9}	ONECUT{3.1.9.1}	225631
OTX1_MOUSE.H11MO.0.D	Otx1	Integrative	Paired-related HD factors{3.1.3}	OTX{3.1.3.17}	18423
OTX2_MOUSE.H11MO.0.A	Otx2	ChIP-Seq	Paired-related HD factors{3.1.3}	OTX{3.1.3.17}	
OVOL1_MOUSE.H11MO.0.C	Ovol1	Integrative	More than 3 adjacent zinc finger factors{2.3.3}	OVOL-factors{2.3.3.17}	18426
OVOL2_MOUSE.H11MO.0.C	Ovol2	ChIP-Seq	More than 3 adjacent zinc finger factors{2.3.3}	OVOL-factors{2.3.3.17}	107586
P53_MOUSE.H11MO.0.A	Tp53	ChIP-Seq	p53-related factors{6.3.1}	p53{6.3.1.0.1}	22059
P53_MOUSE.H11MO.1.A	Tp53	ChIP-Seq	p53-related factors{6.3.1}	p53{6.3.1.0.1}	22059
P63_MOUSE.H11MO.0.B	Tp63	ChIP-Seq	p53-related factors{6.3.1}	p63{6.3.1.0.2}	22061
P63_MOUSE.H11MO.1.B	Tp63	ChIP-Seq	p53-related factors{6.3.1}	p63{6.3.1.0.2}	22061
P73_MOUSE.H11MO.0.B	Tp73	ChIP-Seq	p53-related factors{6.3.1}	p73{6.3.1.0.3}	22062
P73_MOUSE.H11MO.1.B	Tp73	ChIP-Seq	p53-related factors{6.3.1}	p73{6.3.1.0.3}	22062
PAX2_MOUSE.H11MO.0.D	Pax2	Integrative	Paired domain only{3.2.2}	PAX-2-like factors (partial homeobox){3.2.2.2}	18504
PAX3_MOUSE.H11MO.0.D	Pax3	ChIP-Seq	Paired plus homeo domain{3.2.1}	PAX-3/7{3.2.1.1}	18505
PAX5_MOUSE.H11MO.0.A	Pax5	ChIP-Seq	Paired domain only{3.2.2}	PAX-2-like factors (partial homeobox){3.2.2.2}	18507
PAX6_MOUSE.H11MO.0.C	Pax6	ChIP-Seq	Paired plus homeo domain{3.2.1}	PAX-4/6{3.2.1.2}	18508
PAX8_MOUSE.H11MO.0.D	Pax8	Integrative	Paired domain only{3.2.2}	PAX-2-like factors (partial homeobox){3.2.2.2}	18510
PBX1_MOUSE.H11MO.0.A	Pbx1	ChIP-Seq	TALE-type homeo domain factors{3.1.4}	PBX{3.1.4.4}	18514
PBX1_MOUSE.H11MO.1.A	Pbx1	ChIP-Seq	TALE-type homeo domain factors{3.1.4}	PBX{3.1.4.4}	18514
PBX1_MOUSE.H11MO.2.C	Pbx1	Integrative	TALE-type homeo domain factors{3.1.4}	PBX{3.1.4.4}	18514
PBX2_MOUSE.H11MO.0.C	Pbx2	Integrative	TALE-type homeo domain factors{3.1.4}	PBX{3.1.4.4}	18515
PBX3_MOUSE.H11MO.0.A	Pbx3	Integrative	TALE-type homeo domain factors{3.1.4}	PBX{3.1.4.4}	18516
PDX1_MOUSE.H11MO.0.B	Pdx1	ChIP-Seq	HOX-related factors{3.1.1}	PDX{3.1.1.15}	18609
PEBB_MOUSE.H11MO.0.C	Cbfb	Integrative			12400
PIT1_MOUSE.H11MO.0.C	Pou1f1	Integrative	POU domain factors{3.1.10}	POU1 (Pit-1-like factors){3.1.10.1}	18736
PITX1_MOUSE.H11MO.0.C	Pitx1	ChIP-Seq	Paired-related HD factors{3.1.3}	PITX{3.1.3.19}	18740
PITX2_MOUSE.H11MO.0.D	Pitx2	Integrative	Paired-related HD factors{3.1.3}	PITX{3.1.3.19}	18741
PKNX1_MOUSE.H11MO.0.A	Pknox1	ChIP-Seq	TALE-type homeo domain factors{3.1.4}	PKNOX{3.1.4.5}	18771
PLAG1_MOUSE.H11MO.0.D	Plag1	Integrative	More than 3 adjacent zinc finger factors{2.3.3}	PLAG factors{2.3.3.25}	56711
PO2F1_MOUSE.H11MO.0.C	Pou2f1	ChIP-Seq	POU domain factors{3.1.10}	POU2 (Oct-1/2-like factors){3.1.10.2}	18986
PO2F2_MOUSE.H11MO.0.B	Pou2f2	ChIP-Seq	POU domain factors{3.1.10}	POU2 (Oct-1/2-like factors){3.1.10.2}	18987
PO3F1_MOUSE.H11MO.0.C	Pou3f1	ChIP-Seq	POU domain factors{3.1.10}	POU3 (Oct-6-like factors){3.1.10.3}	18991
PO3F2_MOUSE.H11MO.0.A	Pou3f2	ChIP-Seq	POU domain factors{3.1.10}	POU3 (Oct-6-like factors){3.1.10.3}	18992
PO3F2_MOUSE.H11MO.1.A	Pou3f2	ChIP-Seq	POU domain factors{3.1.10}	POU3 (Oct-6-like factors){3.1.10.3}	18992
PO4F2_MOUSE.H11MO.0.D	Pou4f2	Integrative	POU domain factors{3.1.10}	POU4 (Brn-3-like factors){3.1.10.4}	18997
PO5F1_MOUSE.H11MO.0.A	Pou5f1	ChIP-Seq	POU domain factors{3.1.10}	POU5 (Oct-3/4-like factors){3.1.10.5}	18999
PO5F1_MOUSE.H11MO.1.A	Pou5f1	ChIP-Seq	POU domain factors{3.1.10}	POU5 (Oct-3/4-like factors){3.1.10.5}	18999
PO6F1_MOUSE.H11MO.0.D	Pou6f1	Integrative	POU domain factors{3.1.10}	POU6 (Brn-5-like factors){3.1.10.6}	19009
PPARA_MOUSE.H11MO.0.A	Ppara	ChIP-Seq	Thyroid hormone receptor-related factors (NR1){2.1.2}	PPAR (NR1C){2.1.2.5}	19013
PPARA_MOUSE.H11MO.1.A	Ppara	ChIP-Seq	Thyroid hormone receptor-related factors (NR1){2.1.2}	PPAR (NR1C){2.1.2.5}	19013
PPARD_MOUSE.H11MO.0.D	Ppard	Integrative	Thyroid hormone receptor-related factors (NR1){2.1.2}	PPAR (NR1C){2.1.2.5}	19015
PPARG_MOUSE.H11MO.0.A	Pparg	ChIP-Seq	Thyroid hormone receptor-related factors (NR1){2.1.2}	PPAR (NR1C){2.1.2.5}	19016
PPARG_MOUSE.H11MO.1.A	Pparg	ChIP-Seq	Thyroid hormone receptor-related factors (NR1){2.1.2}	PPAR (NR1C){2.1.2.5}	19016
PRD14_MOUSE.H11MO.0.A	Prdm14	ChIP-Seq	More than 3 adjacent zinc finger factors{2.3.3}	unclassified{2.3.3.0}	383491
PRD16_MOUSE.H11MO.0.B	Prdm16	ChIP-Seq	Factors with multiple dispersed zinc fingers{2.3.4}	Evi-1-like factors{2.3.4.14}	70673
PRDM1_MOUSE.H11MO.0.A	Prdm1	ChIP-Seq	More than 3 adjacent zinc finger factors{2.3.3}	PRDM1-like factors{2.3.3.12}	12142
PRDM5_MOUSE.H11MO.0.A	Prdm5	ChIP-Seq	More than 3 adjacent zinc finger factors{2.3.3}	unclassified{2.3.3.0}	70779
PRDM5_MOUSE.H11MO.1.A	Prdm5	ChIP-Seq	More than 3 adjacent zinc finger factors{2.3.3}	unclassified{2.3.3.0}	70779
PRDM9_MOUSE.H11MO.0.C	Prdm9	ChIP-Seq	Factors with multiple dispersed zinc fingers{2.3.4}	unclassified{2.3.4.0}	
PRGR_MOUSE.H11MO.0.A	Pgr	ChIP-Seq	Steroid hormone receptors (NR3){2.1.1}	GR-like receptors (NR3C){2.1.1.1}	
PRGR_MOUSE.H11MO.1.A	Pgr	ChIP-Seq	Steroid hormone receptors (NR3){2.1.1}	GR-like receptors (NR3C){2.1.1.1}	
PROP1_MOUSE.H11MO.0.C	Prop1	ChIP-Seq	Paired-related HD factors{3.1.3}	PROP{3.1.3.20}	19127
PRRX1_MOUSE.H11MO.0.D	Prrx1	Integrative	Paired-related HD factors{3.1.3}	PRRX{3.1.3.21}	18933
PRRX2_MOUSE.H11MO.0.C	Prrx2	Integrative	Paired-related HD factors{3.1.3}	PRRX{3.1.3.21}	20204
PTF1A_MOUSE.H11MO.0.A	Ptf1a	ChIP-Seq	Tal-related factors{1.2.3}	Twist-like factors{1.2.3.2}	19213
PTF1A_MOUSE.H11MO.1.A	Ptf1a	ChIP-Seq	Tal-related factors{1.2.3}	Twist-like factors{1.2.3.2}	19213
PURA_MOUSE.H11MO.0.D	Pura	Integrative	PUR{0.0.5}	Pur-alpha (PURA, PUR1){0.0.5.0.1}	19290
RARA_MOUSE.H11MO.0.A	Rara	ChIP-Seq	Thyroid hormone receptor-related factors (NR1){2.1.2}	Retinoic acid receptors (NR1B){2.1.2.1}	19401
RARA_MOUSE.H11MO.1.A	Rara	ChIP-Seq	Thyroid hormone receptor-related factors (NR1){2.1.2}	Retinoic acid receptors (NR1B){2.1.2.1}	19401
RARA_MOUSE.H11MO.2.A	Rara	Integrative	Thyroid hormone receptor-related factors (NR1){2.1.2}	Retinoic acid receptors (NR1B){2.1.2.1}	19401
RARA_MOUSE.H11MO.3.A	Rara	ChIP-Seq	Thyroid hormone receptor-related factors (NR1){2.1.2}	Retinoic acid receptors (NR1B){2.1.2.1}	19401
RARB_MOUSE.H11MO.0.D	Rarb	Integrative	Thyroid hormone receptor-related factors (NR1){2.1.2}	Retinoic acid receptors (NR1B){2.1.2.1}	218772
RARG_MOUSE.H11MO.0.C	Rarg	ChIP-Seq	Thyroid hormone receptor-related factors (NR1){2.1.2}	Retinoic acid receptors (NR1B){2.1.2.1}	19411
RARG_MOUSE.H11MO.1.C	Rarg	ChIP-Seq	Thyroid hormone receptor-related factors (NR1){2.1.2}	Retinoic acid receptors (NR1B){2.1.2.1}	19411
REL_MOUSE.H11MO.0.A	Rel	ChIP-Seq	NF-kappaB-related factors{6.1.1}	NF-kappaB p65 subunit-like factors{6.1.1.2}	
RELB_MOUSE.H11MO.0.C	Relb	Integrative	NF-kappaB-related factors{6.1.1}	NF-kappaB p65 subunit-like factors{6.1.1.2}	19698
REST_MOUSE.H11MO.0.A	Rest	ChIP-Seq	Factors with multiple dispersed zinc fingers{2.3.4}	unclassified{2.3.4.0}	19712
RFX1_MOUSE.H11MO.0.A	Rfx1	ChIP-Seq	RFX-related factors{3.3.3}	RFX1 (EF-C){3.3.3.0.1}	19724
RFX1_MOUSE.H11MO.1.A	Rfx1	ChIP-Seq	RFX-related factors{3.3.3}	RFX1 (EF-C){3.3.3.0.1}	19724
RFX2_MOUSE.H11MO.0.A	Rfx2	ChIP-Seq	RFX-related factors{3.3.3}	RFX2{3.3.3.0.2}	19725
RFX2_MOUSE.H11MO.1.A	Rfx2	ChIP-Seq	RFX-related factors{3.3.3}	RFX2{3.3.3.0.2}	19725
RFX3_MOUSE.H11MO.0.C	Rfx3	ChIP-Seq	RFX-related factors{3.3.3}	RFX3{3.3.3.0.3}	19726
RFX3_MOUSE.H11MO.1.C	Rfx3	ChIP-Seq	RFX-related factors{3.3.3}	RFX3{3.3.3.0.3}	19726
RFX6_MOUSE.H11MO.0.C	Rfx6	ChIP-Seq	RFX-related factors{3.3.3}	RFX6 (RFXDC-1){3.3.3.0.6}	320995
RFX6_MOUSE.H11MO.1.C	Rfx6	ChIP-Seq	RFX-related factors{3.3.3}	RFX6 (RFXDC-1){3.3.3.0.6}	320995
RORA_MOUSE.H11MO.0.C	Rora	ChIP-Seq	Thyroid hormone receptor-related factors (NR1){2.1.2}	ROR (NR1F){2.1.2.6}	19883
RORG_MOUSE.H11MO.0.B	Rorc	ChIP-Seq	Thyroid hormone receptor-related factors (NR1){2.1.2}	ROR (NR1F){2.1.2.6}	19885
RREB1_MOUSE.H11MO.0.D	Rreb1	Integrative	Factors with multiple dispersed zinc fingers{2.3.4}	unclassified{2.3.4.0}	68750
RUNX1_MOUSE.H11MO.0.A	Runx1	ChIP-Seq	Runt-related factors{6.4.1}	Runx1 (PEBP2alphaB, CBF-alpha2, AML-1){6.4.1.0.2}	
RUNX2_MOUSE.H11MO.0.A	Runx2	ChIP-Seq	Runt-related factors{6.4.1}	Runx2 (PEBP2alphaA, CBF-alpha1){6.4.1.0.1}	12393
RUNX3_MOUSE.H11MO.0.A	Runx3	ChIP-Seq	Runt-related factors{6.4.1}	Runx3 (PEBP2alphaC, CBF-alpha3, AML-2){6.4.1.0.3}	
RXRA_MOUSE.H11MO.0.A	Rxra	ChIP-Seq	RXR-related receptors (NR2){2.1.3}	Retinoid X receptors (NR2B){2.1.3.1}	20181
RXRA_MOUSE.H11MO.1.A	Rxra	ChIP-Seq	RXR-related receptors (NR2){2.1.3}	Retinoid X receptors (NR2B){2.1.3.1}	20181
RXRA_MOUSE.H11MO.2.A	Rxra	ChIP-Seq	RXR-related receptors (NR2){2.1.3}	Retinoid X receptors (NR2B){2.1.3.1}	20181
RXRB_MOUSE.H11MO.0.C	Rxrb	Integrative	RXR-related receptors (NR2){2.1.3}	Retinoid X receptors (NR2B){2.1.3.1}	20182
RXRG_MOUSE.H11MO.0.B	Rxrg	ChIP-Seq	RXR-related receptors (NR2){2.1.3}	Retinoid X receptors (NR2B){2.1.3.1}	20183
RXRG_MOUSE.H11MO.1.B	Rxrg	ChIP-Seq	RXR-related receptors (NR2){2.1.3}	Retinoid X receptors (NR2B){2.1.3.1}	20183
SALL1_MOUSE.H11MO.0.D	Sall1	ChIP-Seq	Factors with multiple dispersed zinc fingers{2.3.4}	Sal-like factors{2.3.4.3}	
SALL4_MOUSE.H11MO.0.A	Sall4	ChIP-Seq	Factors with multiple dispersed zinc fingers{2.3.4}	Sal-like factors{2.3.4.3}	99377
SIX2_MOUSE.H11MO.0.A	Six2	ChIP-Seq	HD-SINE factors{3.1.6}	SIX1-like factors{3.1.6.1}	20472
SIX4_MOUSE.H11MO.0.C	Six4	ChIP-Seq	HD-SINE factors{3.1.6}	SIX4-like factors{3.1.6.3}	20474
SMAD1_MOUSE.H11MO.0.D	Smad1	Integrative	SMAD factors{7.1.1}	Regulatory Smads (R-Smad){7.1.1.1}	17125
SMAD2_MOUSE.H11MO.0.A	Smad2	ChIP-Seq	SMAD factors{7.1.1}	Regulatory Smads (R-Smad){7.1.1.1}	17126
SMAD3_MOUSE.H11MO.0.B	Smad3	ChIP-Seq	SMAD factors{7.1.1}	Regulatory Smads (R-Smad){7.1.1.1}	17127
SMAD4_MOUSE.H11MO.0.A	Smad4	ChIP-Seq	SMAD factors{7.1.1}	Co-activating Smads (Co-Smad){7.1.1.2}	17128
SMCA5_MOUSE.H11MO.0.C	Smarca5	ChIP-Seq	Myb/SANT domain factors{3.5.1}	SMARCA-like factors{3.5.1.5}	93762
SNAI1_MOUSE.H11MO.0.C	Snai1	Integrative	More than 3 adjacent zinc finger factors{2.3.3}	Snail-like factors{2.3.3.2}	20613
SNAI2_MOUSE.H11MO.0.A	Snai2	ChIP-Seq	More than 3 adjacent zinc finger factors{2.3.3}	Snail-like factors{2.3.3.2}	20583
SOX2_MOUSE.H11MO.0.A	Sox2	ChIP-Seq	SOX-related factors{4.1.1}	Group B{4.1.1.2}	20674
SOX2_MOUSE.H11MO.1.A	Sox2	ChIP-Seq	SOX-related factors{4.1.1}	Group B{4.1.1.2}	20674
SOX3_MOUSE.H11MO.0.C	Sox3	ChIP-Seq	SOX-related factors{4.1.1}	Group B{4.1.1.2}	
SOX4_MOUSE.H11MO.0.A	Sox4	ChIP-Seq	SOX-related factors{4.1.1}	Group C{4.1.1.3}	20677
SOX5_MOUSE.H11MO.0.C	Sox5	Integrative	SOX-related factors{4.1.1}	Group D{4.1.1.4}	20678
SOX9_MOUSE.H11MO.0.A	Sox9	ChIP-Seq	SOX-related factors{4.1.1}	Group E{4.1.1.5}	20682
SOX9_MOUSE.H11MO.1.A	Sox9	ChIP-Seq	SOX-related factors{4.1.1}	Group E{4.1.1.5}	20682
SOX10_MOUSE.H11MO.0.B	Sox10	ChIP-Seq			20665
SOX10_MOUSE.H11MO.1.A	Sox10	ChIP-Seq			20665
SOX13_MOUSE.H11MO.0.D	Sox13	Integrative	SOX-related factors{4.1.1}	Group D{4.1.1.4}	20668
SOX15_MOUSE.H11MO.0.D	Sox15	Integrative	SOX-related factors{4.1.1}	Group G{4.1.1.7}	20670
SOX17_MOUSE.H11MO.0.D	Sox17	ChIP-Seq	SOX-related factors{4.1.1}	Group F{4.1.1.6}	20671
SOX18_MOUSE.H11MO.0.D	Sox18	Integrative	SOX-related factors{4.1.1}	Group F{4.1.1.6}	20672
SP1_MOUSE.H11MO.0.A	Sp1	ChIP-Seq	Three-zinc finger Krüppel-related factors{2.3.1}	Sp1-like factors{2.3.1.1}	20683
SP1_MOUSE.H11MO.1.A	Sp1	Integrative	Three-zinc finger Krüppel-related factors{2.3.1}	Sp1-like factors{2.3.1.1}	20683
SP2_MOUSE.H11MO.0.B	Sp2	ChIP-Seq	Three-zinc finger Krüppel-related factors{2.3.1}	Sp1-like factors{2.3.1.1}	78912
SP2_MOUSE.H11MO.1.C	Sp2	ChIP-Seq	Three-zinc finger Krüppel-related factors{2.3.1}	Sp1-like factors{2.3.1.1}	78912
SP3_MOUSE.H11MO.0.B	Sp3	Integrative	Three-zinc finger Krüppel-related factors{2.3.1}	Sp1-like factors{2.3.1.1}	20687
SP4_MOUSE.H11MO.0.B	Sp4	ChIP-Seq	Three-zinc finger Krüppel-related factors{2.3.1}	Sp1-like factors{2.3.1.1}	
SP4_MOUSE.H11MO.1.B	Sp4	ChIP-Seq	Three-zinc finger Krüppel-related factors{2.3.1}	Sp1-like factors{2.3.1.1}	
SP5_MOUSE.H11MO.0.C	Sp5	ChIP-Seq	Three-zinc finger Krüppel-related factors{2.3.1}	Sp1-like factors{2.3.1.1}	64406
SP5_MOUSE.H11MO.1.C	Sp5	ChIP-Seq	Three-zinc finger Krüppel-related factors{2.3.1}	Sp1-like factors{2.3.1.1}	64406
SP7_MOUSE.H11MO.0.A	Sp7	ChIP-Seq	Three-zinc finger Krüppel-related factors{2.3.1}	Sp1-like factors{2.3.1.1}	170574
SPI1_MOUSE.H11MO.0.A	Spi1	ChIP-Seq	Ets-related factors{3.5.2}	Spi-like factors{3.5.2.5}	20375
SPIB_MOUSE.H11MO.0.A	Spib	ChIP-Seq	Ets-related factors{3.5.2}	Spi-like factors{3.5.2.5}	272382
SPZ1_MOUSE.H11MO.0.D	Spz1	Integrative			79401
SRBP1_MOUSE.H11MO.0.B	Srebf1	Integrative	bHLH-ZIP factors{1.2.6}	SREBP factors{1.2.6.3}	20787
SRBP2_MOUSE.H11MO.0.B	Srebf2	Integrative	bHLH-ZIP factors{1.2.6}	SREBP factors{1.2.6.3}	20788
SRF_MOUSE.H11MO.0.A	Srf	ChIP-Seq	Responders to external signals (SRF/RLM1){5.1.2}	SRF{5.1.2.0.1}	20807
SRY_MOUSE.H11MO.0.B	Sry	Integrative	SOX-related factors{4.1.1}	Group A{4.1.1.1}	21674
STA5A_MOUSE.H11MO.0.A	Stat5a	ChIP-Seq	STAT factors{6.2.1}	STAT5A{6.2.1.0.5}	20850
STA5B_MOUSE.H11MO.0.A	Stat5b	ChIP-Seq	STAT factors{6.2.1}	STAT5B{6.2.1.0.6}	20851
STAT1_MOUSE.H11MO.0.A	Stat1	ChIP-Seq	STAT factors{6.2.1}	STAT1{6.2.1.0.1}	
STAT1_MOUSE.H11MO.1.A	Stat1	ChIP-Seq	STAT factors{6.2.1}	STAT1{6.2.1.0.1}	
STAT2_MOUSE.H11MO.0.A	Stat2	ChIP-Seq	STAT factors{6.2.1}	STAT2{6.2.1.0.2}	
STAT3_MOUSE.H11MO.0.A	Stat3	ChIP-Seq	STAT factors{6.2.1}	STAT3{6.2.1.0.3}	20848
STAT4_MOUSE.H11MO.0.A	Stat4	ChIP-Seq	STAT factors{6.2.1}	STAT4{6.2.1.0.4}	20849
STAT6_MOUSE.H11MO.0.A	Stat6	ChIP-Seq	STAT factors{6.2.1}	STAT6{6.2.1.0.7}	20852
STF1_MOUSE.H11MO.0.B	Nr5a1	ChIP-Seq	FTZ-F1-related receptors (NR5){2.1.5}	FTZ-F1 (SF-1) (NR5A1){2.1.5.0.1}	26423
SUH_MOUSE.H11MO.0.A	Rbpj	ChIP-Seq	CSL-related factors{6.1.4}	M{6.1.4.1}	19664
TAF1_MOUSE.H11MO.0.A	Taf1	ChIP-Seq	TCF-7-related factors{4.1.3}	TAF-1 (TAF-2A, TAF(II)250) [1]{4.1.3.0.5}	270627
TAL1_MOUSE.H11MO.0.A	Tal1	ChIP-Seq	Tal-related factors{1.2.3}	Tal / HEN-like factors{1.2.3.1}	21349
TBP_MOUSE.H11MO.0.A	Tbp	ChIP-Seq	TBP-related factors{8.1.1}	TBP{8.1.1.0.1}	21374
TBX2_MOUSE.H11MO.0.D	Tbx2	Integrative	TBX2-related factors{6.5.4}	TBX2{6.5.4.0.1}	21385
TBX3_MOUSE.H11MO.0.B	Tbx3	ChIP-Seq	TBX2-related factors{6.5.4}	TBX3{6.5.4.0.2}	21386
TBX5_MOUSE.H11MO.0.D	Tbx5	Integrative	TBX2-related factors{6.5.4}	TBX5{6.5.4.0.4}	21388
TBX20_MOUSE.H11MO.0.C	Tbx20	ChIP-Seq	TBX1-related factors{6.5.3}	TBX20{6.5.3.0.5}	57246
TBX21_MOUSE.H11MO.0.A	Tbx21	ChIP-Seq	TBrain-related factors{6.5.2}	TBX21 (T-bet){6.5.2.0.3}	57765
TCF7_MOUSE.H11MO.0.A	Tcf7	ChIP-Seq	TCF-7-related factors{4.1.3}	TCF-7 (TCF-1) [1]{4.1.3.0.1}	21414
TEAD1_MOUSE.H11MO.0.A	Tead1	ChIP-Seq	TEF-1-related factors{3.6.1}	TEF-1 (TEAD-1, TCF-13){3.6.1.0.1}	21676
TEAD2_MOUSE.H11MO.0.C	Tead2	ChIP-Seq	TEF-1-related factors{3.6.1}	TEF-4 (TEAD-2){3.6.1.0.3}	21677
TEAD3_MOUSE.H11MO.0.D	Tead3	Integrative	TEF-1-related factors{3.6.1}	TEF-5 (TEAD-3, TEAD5){3.6.1.0.4}	21678
TEAD4_MOUSE.H11MO.0.A	Tead4	ChIP-Seq	TEF-1-related factors{3.6.1}	TEF-3 (TEAD-4, TCF-13L1, Tefr1){3.6.1.0.2}	21679
TEF_MOUSE.H11MO.0.D	Tef	Integrative	C/EBP-related{1.1.8}	PAR factors{1.1.8.2}	21685
TF2L1_MOUSE.H11MO.0.C	Tfcp2l1	ChIP-Seq	CP2-related factors{6.7.2}	CP2-L1 (LBP-9, CRTR-1){6.7.2.0.2}	81879
TF2L1_MOUSE.H11MO.1.C	Tfcp2l1	ChIP-Seq	CP2-related factors{6.7.2}	CP2-L1 (LBP-9, CRTR-1){6.7.2.0.2}	81879
TF7L1_MOUSE.H11MO.0.A	Tcf7l1	ChIP-Seq	TCF-7-related factors{4.1.3}	TCF-7L1 (TCF-3) [1]{4.1.3.0.2}	21415
TF7L2_MOUSE.H11MO.0.A	Tcf7l2	ChIP-Seq	TCF-7-related factors{4.1.3}	TCF-7L2 (TCF-4) [1]{4.1.3.0.3}	21416
TF65_MOUSE.H11MO.0.A	Rela	ChIP-Seq	NF-kappaB-related factors{6.1.1}	NF-kappaB p65 subunit-like factors{6.1.1.2}	19697
TFCP2_MOUSE.H11MO.0.D	Tfcp2	Integrative	CP2-related factors{6.7.2}	CP2 (LSF, SEF){6.7.2.0.1}	21422
TFDP1_MOUSE.H11MO.0.D	Tfdp1	ChIP-Seq	E2F-related factors{3.3.2}	Dp-1{3.3.2.2}	21781
TFE2_MOUSE.H11MO.0.A	Tcf3	ChIP-Seq	E2A-related factors{1.2.1}	E2A (TCF-3, ITF-1){1.2.1.0.1}	21423
TFE3_MOUSE.H11MO.0.A	Tfe3	ChIP-Seq	bHLH-ZIP factors{1.2.6}	TFE3-like factors{1.2.6.1}	209446
TFEB_MOUSE.H11MO.0.C	Tfeb	Integrative	bHLH-ZIP factors{1.2.6}	TFE3-like factors{1.2.6.1}	21425
TGIF1_MOUSE.H11MO.0.A	Tgif1	ChIP-Seq	TALE-type homeo domain factors{3.1.4}	TGIF{3.1.4.6}	21815
THA11_MOUSE.H11MO.0.B	Thap11	ChIP-Seq	THAP-related factors{2.9.1}	THAP11 (HRIHFB2206){2.9.1.0.11}	59016
THA_MOUSE.H11MO.0.C	Thra	ChIP-Seq	Thyroid hormone receptor-related factors (NR1){2.1.2}	Thyroid hormone receptors (NR1A){2.1.2.2}	21833
THA_MOUSE.H11MO.1.C	Thra	ChIP-Seq	Thyroid hormone receptor-related factors (NR1){2.1.2}	Thyroid hormone receptors (NR1A){2.1.2.2}	21833
THB_MOUSE.H11MO.0.D	Thrb	ChIP-Seq	Thyroid hormone receptor-related factors (NR1){2.1.2}	Thyroid hormone receptors (NR1A){2.1.2.2}	21834
TLX1_MOUSE.H11MO.0.D	Tlx1	Integrative	NK-related factors{3.1.2}	TLX{3.1.2.21}	
TWST1_MOUSE.H11MO.0.B	Twist1	ChIP-Seq	Tal-related factors{1.2.3}	Twist-like factors{1.2.3.2}	22160
TWST1_MOUSE.H11MO.1.B	Twist1	ChIP-Seq	Tal-related factors{1.2.3}	Twist-like factors{1.2.3.2}	22160
TYY1_MOUSE.H11MO.0.A	Yy1	ChIP-Seq	More than 3 adjacent zinc finger factors{2.3.3}	YY1-like factors{2.3.3.9}	22632
UBIP1_MOUSE.H11MO.0.D	Ubp1	Integrative	CP2-related factors{6.7.2}	UBP-1 (LBP-1, SEF, CP2b){6.7.2.0.3}	22221
USF1_MOUSE.H11MO.0.A	Usf1	ChIP-Seq	bHLH-ZIP factors{1.2.6}	USF factors{1.2.6.2}	22278
USF2_MOUSE.H11MO.0.A	Usf2	ChIP-Seq	bHLH-ZIP factors{1.2.6}	USF factors{1.2.6.2}	22282
VDR_MOUSE.H11MO.0.A	Vdr	ChIP-Seq	Thyroid hormone receptor-related factors (NR1){2.1.2}	Vitamin D receptor (NR1I){2.1.2.4}	22337
VDR_MOUSE.H11MO.1.A	Vdr	ChIP-Seq	Thyroid hormone receptor-related factors (NR1){2.1.2}	Vitamin D receptor (NR1I){2.1.2.4}	22337
VSX2_MOUSE.H11MO.0.C	Vsx2	ChIP-Seq	Paired-related HD factors{3.1.3}	VSX{3.1.3.28}	12677
WT1_MOUSE.H11MO.0.B	Wt1	ChIP-Seq	More than 3 adjacent zinc finger factors{2.3.3}	unclassified{2.3.3.0}	
WT1_MOUSE.H11MO.1.A	Wt1	ChIP-Seq	More than 3 adjacent zinc finger factors{2.3.3}	unclassified{2.3.3.0}	
XBP1_MOUSE.H11MO.0.C	Xbp1	Integrative	XBP-1-related factors{1.1.5}	XBP-1{1.1.5.0.1}	22433
ZBT7A_MOUSE.H11MO.0.B	Zbtb7a	ChIP-Seq	More than 3 adjacent zinc finger factors{2.3.3}	ZBTB7 factors{2.3.3.8}	16969
ZBT17_MOUSE.H11MO.0.A	Zbtb17	ChIP-Seq	Factors with multiple dispersed zinc fingers{2.3.4}	unclassified{2.3.4.0}	22642
ZBT18_MOUSE.H11MO.0.D	Zbtb18	ChIP-Seq	More than 3 adjacent zinc finger factors{2.3.3}	ZNF238-like factors{2.3.3.16}	30928
ZBTB6_MOUSE.H11MO.0.D	Zbtb6	ChIP-Seq	More than 3 adjacent zinc finger factors{2.3.3}	ZBTB6-like factors{2.3.3.11}	241322
ZEB1_MOUSE.H11MO.0.B	Zeb1	ChIP-Seq	HD-ZF factors{3.1.8}	ZEB{3.1.8.3}	21417
ZEP1_MOUSE.H11MO.0.D	Hivep1	Integrative	Factors with multiple dispersed zinc fingers{2.3.4}	HIV EP-factors{2.3.4.5}	
ZEP2_MOUSE.H11MO.0.D	Hivep2	Integrative	Factors with multiple dispersed zinc fingers{2.3.4}	HIV EP-factors{2.3.4.5}	15273
ZFHX3_MOUSE.H11MO.0.D	Zfhx3	Integrative	HD-ZF factors{3.1.8}	ZFHX{3.1.8.4}	
ZFP42_MOUSE.H11MO.0.A	Zfp42	ChIP-Seq	More than 3 adjacent zinc finger factors{2.3.3}	YY1-like factors{2.3.3.9}	22702
ZFP57_MOUSE.H11MO.0.B	Zfp57	ChIP-Seq	Factors with multiple dispersed zinc fingers{2.3.4}	unclassified{2.3.4.0}	22715
ZFX_MOUSE.H11MO.0.B	Zfx	Integrative	More than 3 adjacent zinc finger factors{2.3.3}	ZFX/ZFY factors{2.3.3.65}	22764
ZFX_MOUSE.H11MO.1.B	Zfx	ChIP-Seq	More than 3 adjacent zinc finger factors{2.3.3}	ZFX/ZFY factors{2.3.3.65}	22764
ZIC1_MOUSE.H11MO.0.B	Zic1	Integrative	More than 3 adjacent zinc finger factors{2.3.3}	GLI-like factors{2.3.3.1}	22771
ZIC2_MOUSE.H11MO.0.C	Zic2	ChIP-Seq	More than 3 adjacent zinc finger factors{2.3.3}	GLI-like factors{2.3.3.1}	
ZIC3_MOUSE.H11MO.0.A	Zic3	ChIP-Seq	More than 3 adjacent zinc finger factors{2.3.3}	GLI-like factors{2.3.3.1}	22773
ZKSC1_MOUSE.H11MO.0.A	Zkscan1	ChIP-Seq	More than 3 adjacent zinc finger factors{2.3.3}	ZNF24-like factors{2.3.3.10}	74570
ZN143_MOUSE.H11MO.0.A	Znf143	ChIP-Seq	More than 3 adjacent zinc finger factors{2.3.3}	ZNF76-like factors{2.3.3.28}	20841
ZN148_MOUSE.H11MO.0.D	Znf148	Integrative	More than 3 adjacent zinc finger factors{2.3.3}	ZNF148-like factors{2.3.3.13}	22661
ZN281_MOUSE.H11MO.0.A	Znf281	ChIP-Seq	More than 3 adjacent zinc finger factors{2.3.3}	ZNF148-like factors{2.3.3.13}	226442
ZN322_MOUSE.H11MO.0.B	Znf322	ChIP-Seq	More than 3 adjacent zinc finger factors{2.3.3}	ZNF322-like factors{2.3.3.52}	218100
ZN335_MOUSE.H11MO.0.A	Znf335	ChIP-Seq	Factors with multiple dispersed zinc fingers{2.3.4}	unclassified{2.3.4.0}	329559
ZN335_MOUSE.H11MO.1.A	Znf335	ChIP-Seq	Factors with multiple dispersed zinc fingers{2.3.4}	unclassified{2.3.4.0}	329559
ZN423_MOUSE.H11MO.0.D	Znf423	Integrative	Factors with multiple dispersed zinc fingers{2.3.4}	ZNF423-like factors{2.3.4.12}	94187
ZN431_MOUSE.H11MO.0.C	Znf431	ChIP-Seq	More than 3 adjacent zinc finger factors{2.3.3}	ZNF100-like factors{2.3.3.59}	69504